id,image,lawyer_id
100,https://avocatalgerien.com/wp-content/uploads/2014/12/Benbattouche-230x230.jpg,100
101,https://avocatalgerien.com/wp-content/uploads/2014/12/avocat004-230x230.jpg,101
102,https://avocatalgerien.com/wp-content/uploads/2014/12/avocat003-230x230.jpg,102
103,https://avocatalgerien.com/wp-content/uploads/2014/12/20141010_115537-230x230.jpg,103
104,https://avocatalgerien.com/wp-content/uploads/2014/12/avocat002-230x230.jpg,104
105,https://avocatalgerien.com/wp-content/uploads/2014/12/avocat001-230x230.jpg,105
106,https://avocatalgerien.com/wp-content/uploads/2014/12/avocat00-230x230.jpg,106
107,https://avocatalgerien.com/wp-content/uploads/2014/12/avocat005-230x230.jpg,107
108,https://avocatalgerien.com/wp-content/uploads/2014/12/avocat007-230x230.jpg,108
109,https://avocatalgerien.com/wp-content/uploads/2014/12/avocat006-230x230.jpg,109
110,https://avocatalgerien.com/wp-content/uploads/2015/01/avocate-1-230x230.jpg,110
111,https://avocatalgerien.com/wp-content/uploads/2015/01/avocat001-230x230.jpg,111
112,https://avocatalgerien.com/wp-content/uploads/2015/01/avocat002-230x230.jpg,112
113,https://avocatalgerien.com/wp-content/uploads/2015/01/avocat004-230x230.jpg,113
114,https://avocatalgerien.com/wp-content/uploads/2015/01/avocate-2-230x230.jpg,114
115,https://avocatalgerien.com/wp-content/uploads/2015/01/avocat005-230x230.jpg,115
116,https://avocatalgerien.com/wp-content/uploads/2015/01/Sans-titre2-230x230.png,116
117,https://avocatalgerien.com/wp-content/uploads/2015/01/avocate-230x230.jpg,117
118,https://avocatalgerien.com/wp-content/uploads/2015/02/avocat00-230x230.jpg,118
119,https://avocatalgerien.com/wp-content/uploads/2015/02/IMG_0909-3-230x230.jpg,119
120,https://avocatalgerien.com/wp-content/uploads/2015/02/avocate.02-230x151.jpg,120
121,https://avocatalgerien.com/wp-content/uploads/2015/03/avocate.02-230x151.jpg,121
122,https://avocatalgerien.com/wp-content/uploads/2015/03/avocat00-230x230.jpg,122
123,https://avocatalgerien.com/wp-content/uploads/2015/03/20130805_111452-230x230.jpg,123
124,https://avocatalgerien.com/wp-content/uploads/2015/03/avocat001-230x230.jpg,124
125,https://avocatalgerien.com/wp-content/uploads/2015/04/avocat00-230x230.jpg,125
126,https://avocatalgerien.com/wp-content/uploads/2015/04/avocat001-230x230.jpg,126
127,https://avocatalgerien.com/wp-content/uploads/2015/04/avocat002-230x230.jpg,127
128,https://avocatalgerien.com/wp-content/uploads/2015/04/avocat003-230x230.jpg,128
129,https://avocatalgerien.com/wp-content/uploads/2015/04/avocat004-230x230.jpg,129
130,https://avocatalgerien.com/wp-content/uploads/2015/04/avocat005-230x230.jpg,130
131,https://avocatalgerien.com/wp-content/uploads/2015/04/984163_841886465831246_2507056864458856995_nedited-230x230.jpg,131
132,https://avocatalgerien.com/wp-content/uploads/2015/04/vs1442996012-230x203.jpg,132
133,https://avocatalgerien.com/wp-content/uploads/2015/04/avocat007-230x230.jpg,133
134,https://avocatalgerien.com/wp-content/uploads/2015/04/1405394629846-217x230.jpg,134
135,https://avocatalgerien.com/wp-content/uploads/2015/05/avocat00-230x230.jpg,135
136,https://avocatalgerien.com/wp-content/uploads/2015/05/avocat001-230x230.jpg,136
137,https://avocatalgerien.com/wp-content/uploads/2015/05/11205588_750334345083162_5602561735102124837_n-230x230.jpg,137
138,https://avocatalgerien.com/wp-content/uploads/2015/10/images8OHKXTTC-230x151.jpg,138
139,https://avocatalgerien.com/wp-content/uploads/2015/12/100_1788_New1_New1_New2-230x230.jpg,139
140,https://avocatalgerien.com/wp-content/uploads/2016/01/imageitalia-230x230.jpg,140
141,https://avocatalgerien.com/wp-content/uploads/2016/06/IMG_20160425_131459-230x230.jpg,141
142,https://avocatalgerien.com/wp-content/uploads/2016/06/avocat-230x230.png,142
143,https://avocatalgerien.com/wp-content/uploads/2016/07/avocat001-230x230.jpg,143
144,https://avocatalgerien.com/wp-content/uploads/2016/08/aa441-230x191.jpg,144
145,https://avocatalgerien.com/wp-content/uploads/2016/08/avocat001-2-230x230.jpg,145
146,https://avocatalgerien.com/wp-content/uploads/2016/08/avocat001-230x230.jpg,146
147,https://avocatalgerien.com/wp-content/uploads/2016/10/avocat001-1-230x230.jpg,147
148,https://avocatalgerien.com/wp-content/uploads/2016/12/1452400_553963398019269_715524043_n1-230x230.jpg,148
149,https://avocatalgerien.com/wp-content/uploads/2016/12/photo-8-230x230.jpg,149
150,https://avocatalgerien.com/wp-content/uploads/2017/01/4369-230x230.jpg,150
151,https://avocatalgerien.com/wp-content/uploads/2017/01/votre-avocat-230x230.jpg,151
152,https://avocatalgerien.com/wp-content/uploads/2017/05/avocat-230x230.png,152
153,https://avocatalgerien.com/wp-content/uploads/2017/06/avocat001-230x230.jpg,153
154,https://avocatalgerien.com/wp-content/themes/vantage/images/no-thumb.jpg,154
155,https://avocatalgerien.com/wp-content/uploads/2015/10/images8OHKXTTC-230x151.jpg,155
156,https://avocatalgerien.com/wp-content/themes/vantage/images/no-thumb.jpg,156
157,https://avocatalgerien.com/wp-content/themes/vantage/images/no-thumb.jpg,157
158,https://avocatalgerien.com/wp-content/themes/vantage/images/no-thumb.jpg,158
159,https://avocatalgerien.com/wp-content/themes/vantage/images/no-thumb.jpg,159
160,https://avocatalgerien.com/wp-content/themes/vantage/images/no-thumb.jpg,160
161,https://avocatalgerien.com/wp-content/uploads/2017/06/avocat001-230x230.jpg,161
162,https://avocatalgerien.com/wp-content/uploads/2017/08/Logo-230x230.png,162
163,https://avocatalgerien.com/wp-content/uploads/2017/11/zouiad-3-230x230.jpg,163
164,https://avocatalgerien.com/wp-content/uploads/2017/12/image22s.jpg,164
165,https://avocatalgerien.com/wp-content/uploads/2017/12/AVOCAT--230x230.jpg,165
166,https://avocatalgerien.com/wp-content/uploads/2018/01/avocate-230x191.jpg,166
167,https://avocatalgerien.com/wp-content/uploads/2016/10/avocat001-1-230x230.jpg,167
168,https://avocatalgerien.com/wp-content/uploads/2016/10/avocat001-1-230x230.jpg,168
169,https://avocatalgerien.com/wp-content/uploads/2016/10/avocat001-1-230x230.jpg,169
170,https://avocatalgerien.com/wp-content/uploads/2018/10/avocat005-230x230.jpg,170
171,https://avocatalgerien.com/wp-content/uploads/2016/08/avocat001-1-230x230.jpg,171
172,https://avocatalgerien.com/wp-content/uploads/2017/06/avocat001-230x230.jpg,172
173,https://avocatalgerien.com/wp-content/uploads/2016/08/avocat001-1-230x230.jpg,173
174,https://avocatalgerien.com/wp-content/uploads/2016/10/avocat001-1-230x230.jpg,174
175,https://avocatalgerien.com/wp-content/uploads/2016/10/avocat001-1-230x230.jpg,175
176,https://avocatalgerien.com/wp-content/uploads/2016/08/avocat001-230x230.jpg,176
177,https://avocatalgerien.com/wp-content/themes/vantage/images/no-thumb.jpg,177
178,https://avocatalgerien.com/wp-content/uploads/2016/02/images8OHKXTTC-230x151.jpg,178
179,https://avocatalgerien.com/wp-content/uploads/2016/07/avocat001-1-230x230.jpg,179
180,https://avocatalgerien.com/wp-content/uploads/2016/08/avocat001-1-230x230.jpg,180
181,https://avocatalgerien.com/wp-content/uploads/2016/08/avocat001-1-230x230.jpg,181
182,https://avocatalgerien.com/wp-content/uploads/2016/10/avocat001-1-230x230.jpg,182
183,https://avocatalgerien.com/wp-content/uploads/2016/10/avocat001-1-230x230.jpg,183
184,https://avocatalgerien.com/wp-content/uploads/2016/10/avocat001-1-230x230.jpg,184
185,https://avocatalgerien.com/wp-content/uploads/2016/10/avocat001-1-230x230.jpg,185
186,https://avocatalgerien.com/wp-content/uploads/2016/10/avocat001-1-230x230.jpg,186
187,https://avocatalgerien.com/wp-content/uploads/2016/10/avocat001-1-230x230.jpg,187
188,https://avocatalgerien.com/wp-content/uploads/2016/10/avocat001-230x230.jpg,188
189,https://avocatalgerien.com/wp-content/uploads/2016/10/avocat001-1-230x230.jpg,189
190,https://avocatalgerien.com/wp-content/uploads/2015/10/images8OHKXTTC-230x151.jpg,190
191,https://avocatalgerien.com/wp-content/uploads/2016/10/avocat001-1-230x230.jpg,191
192,https://avocatalgerien.com/wp-content/uploads/2016/10/avocat001-1-230x230.jpg,192
193,https://avocatalgerien.com/wp-content/uploads/2016/10/avocat001-230x230.jpg,193
194,https://avocatalgerien.com/wp-content/uploads/2016/10/avocat001-230x230.jpg,194
195,https://avocatalgerien.com/wp-content/uploads/2015/10/images8OHKXTTC-230x151.jpg,195
196,https://avocatalgerien.com/wp-content/uploads/2016/10/avocat001-230x230.jpg,196
197,https://avocatalgerien.com/wp-content/uploads/2016/08/avocat001-230x230.jpg,197
198,https://avocatalgerien.com/wp-content/uploads/2016/08/avocat001-230x230.jpg,198
199,https://avocatalgerien.com/wp-content/uploads/2015/10/images8OHKXTTC-230x151.jpg,199
200,https://avocatalgerien.com/wp-content/uploads/2016/10/avocat001-230x230.jpg,200
201,https://avocatalgerien.com/wp-content/uploads/2016/10/avocat001-230x230.jpg,201
202,https://avocatalgerien.com/wp-content/uploads/2016/10/avocat001-230x230.jpg,202
203,https://avocatalgerien.com/wp-content/uploads/2016/10/avocat001-230x230.jpg,203
204,https://avocatalgerien.com/wp-content/uploads/2016/08/avocat001-230x230.jpg,204
205,https://avocatalgerien.com/wp-content/uploads/2016/08/avocat001-230x230.jpg,205
206,https://avocatalgerien.com/wp-content/uploads/2016/10/avocat001-230x230.jpg,206
207,https://avocatalgerien.com/wp-content/uploads/2016/10/avocat001-230x230.jpg,207
208,https://avocatalgerien.com/wp-content/uploads/2016/10/avocat001-230x230.jpg,208
209,https://avocatalgerien.com/wp-content/uploads/2016/10/avocat001-230x230.jpg,209
210,https://avocatalgerien.com/wp-content/uploads/2018/03/bon-avocat-230x200.jpg,210
211,https://avocatalgerien.com/wp-content/themes/vantage/images/no-thumb.jpg,211
212,https://avocatalgerien.com/wp-content/uploads/2018/03/bon-avocat-230x200.jpg,212
213,https://avocatalgerien.com/wp-content/uploads/2018/03/bon-avocat-230x200.jpg,213
214,https://avocatalgerien.com/wp-content/uploads/2018/03/bon-avocat-230x200.jpg,214
215,https://avocatalgerien.com/wp-content/uploads/2018/03/bon-avocat-230x200.jpg,215
216,https://avocatalgerien.com/wp-content/uploads/2018/03/bon-avocat-230x200.jpg,216
217,https://avocatalgerien.com/wp-content/uploads/2016/12/2-230x230.jpg,217
218,https://avocatalgerien.com/wp-content/themes/vantage/images/no-thumb.jpg,218
219,https://avocatalgerien.com/wp-content/uploads/2018/03/photo-188x230.jpg,219
220,https://avocatalgerien.com/wp-content/uploads/2018/03/bon-avocat-230x200.jpg,220
221,https://avocatalgerien.com/wp-content/uploads/2015/03/images-230x183.jpg,221
222,https://avocatalgerien.com/wp-content/uploads/2016/07/avocat001-1-230x230.jpg,222
223,https://avocatalgerien.com/wp-content/themes/vantage/images/no-thumb.jpg,223
224,https://avocatalgerien.com/wp-content/uploads/2018/03/bon-avocat-230x200.jpg,224
225,https://avocatalgerien.com/wp-content/uploads/2018/03/bon-avocat-230x200.jpg,225
226,https://avocatalgerien.com/wp-content/uploads/2018/04/avocate-230x230.jpg,226
227,https://avocatalgerien.com/wp-content/themes/vantage/images/no-thumb.jpg,227
228,https://avocatalgerien.com/wp-content/themes/vantage/images/no-thumb.jpg,228
229,https://avocatalgerien.com/wp-content/uploads/2015/03/images-230x183.jpg,229
230,https://avocatalgerien.com/wp-content/uploads/2018/04/logo-avocat.jpg,230
231,https://avocatalgerien.com/wp-content/uploads/2018/04/bureau-avocats-1-230x189.jpg,231
232,https://avocatalgerien.com/wp-content/uploads/2018/04/lawyer-1-230x230.jpg,232
233,https://avocatalgerien.com/wp-content/themes/vantage/images/no-thumb.jpg,233
234,https://avocatalgerien.com/wp-content/uploads/2018/05/1-230x230.png,234
235,https://avocatalgerien.com/wp-content/themes/vantage/images/no-thumb.jpg,235
236,https://avocatalgerien.com/wp-content/themes/vantage/images/no-thumb.jpg,236
237,https://avocatalgerien.com/wp-content/themes/vantage/images/no-thumb.jpg,237
238,https://avocatalgerien.com/wp-content/themes/vantage/images/no-thumb.jpg,238
239,https://avocatalgerien.com/wp-content/themes/vantage/images/no-thumb.jpg,239
240,https://avocatalgerien.com/wp-content/uploads/2018/05/habchi-230x230.jpg,240
241,https://avocatalgerien.com/wp-content/themes/vantage/images/no-thumb.jpg,241
242,https://avocatalgerien.com/wp-content/themes/vantage/images/no-thumb.jpg,242
243,https://avocatalgerien.com/wp-content/themes/vantage/images/no-thumb.jpg,243
244,https://avocatalgerien.com/wp-content/themes/vantage/images/no-thumb.jpg,244
245,https://avocatalgerien.com/wp-content/themes/vantage/images/no-thumb.jpg,245
246,https://avocatalgerien.com/wp-content/themes/vantage/images/no-thumb.jpg,246
247,https://avocatalgerien.com/wp-content/themes/vantage/images/no-thumb.jpg,247
248,https://avocatalgerien.com/wp-content/uploads/2018/05/21985844_10214506516842394_179125225_o-230x230.jpg,248
249,https://avocatalgerien.com/wp-content/themes/vantage/images/no-thumb.jpg,249
250,https://avocatalgerien.com/wp-content/uploads/2018/06/faysal-230x230.jpg,250
251,https://avocatalgerien.com/wp-content/uploads/2015/03/images-230x183.jpg,251
252,https://avocatalgerien.com/wp-content/uploads/2017/05/avocat-230x230.png,252
253,https://avocatalgerien.com/wp-content/uploads/2018/06/nadid-230x230.jpg,253
254,https://avocatalgerien.com/wp-content/uploads/2016/10/avocat001-1-230x230.jpg,254
255,https://avocatalgerien.com/wp-content/uploads/2018/06/fouad-230x152.jpg,255
256,https://avocatalgerien.com/wp-content/uploads/2018/06/statuette-figurine-deesse-de-la-justice-35-cm-230x230.jpg,256
257,https://avocatalgerien.com/wp-content/themes/vantage/images/no-thumb.jpg,257
258,https://avocatalgerien.com/wp-content/themes/vantage/images/no-thumb.jpg,258
259,https://avocatalgerien.com/wp-content/uploads/2017/06/avocat001-230x230.jpg,259
260,https://avocatalgerien.com/wp-content/uploads/2018/07/banderas-230x230.jpg,260
261,https://avocatalgerien.com/wp-content/themes/vantage/images/no-thumb.jpg,261
262,https://avocatalgerien.com/wp-content/uploads/2018/08/taied-me-230x230.jpg,262
263,https://avocatalgerien.com/wp-content/themes/vantage/images/no-thumb.jpg,263
264,https://avocatalgerien.com/wp-content/uploads/2018/08/20-230x230.jpg,264
265,https://avocatalgerien.com/wp-content/themes/vantage/images/no-thumb.jpg,265
266,https://avocatalgerien.com/wp-content/themes/vantage/images/no-thumb.jpg,266
267,https://avocatalgerien.com/wp-content/themes/vantage/images/no-thumb.jpg,267
268,https://avocatalgerien.com/wp-content/uploads/2018/09/arton43552-286x300-230x230.jpg,268
269,https://avocatalgerien.com/wp-content/themes/vantage/images/no-thumb.jpg,269
270,https://avocatalgerien.com/wp-content/uploads/2018/10/avocat005-230x230.jpg,270
271,https://avocatalgerien.com/wp-content/themes/vantage/images/no-thumb.jpg,271
272,https://avocatalgerien.com/wp-content/uploads/2018/10/280px-Advokat_Fransk_advokatdräkt_Nordisk_familjebok.svg_-230x230.png,272
273,https://avocatalgerien.com/wp-content/themes/vantage/images/no-thumb.jpg,273
274,https://avocatalgerien.com/wp-content/themes/vantage/images/no-thumb.jpg,274
275,https://avocatalgerien.com/wp-content/uploads/2018/11/DSCF5988-230x230.jpg,275
276,https://avocatalgerien.com/wp-content/themes/vantage/images/no-thumb.jpg,276
277,https://avocatalgerien.com/wp-content/uploads/2018/11/130842104_442300500440394_5152848981097714568_n-230x230.jpg,277
278,https://avocatalgerien.com/wp-content/themes/vantage/images/no-thumb.jpg,278
279,https://avocatalgerien.com/wp-content/themes/vantage/images/no-thumb.jpg,279
280,https://avocatalgerien.com/wp-content/uploads/2018/11/BERBAGUI-230x230.jpg,280
281,https://avocatalgerien.com/wp-content/themes/vantage/images/no-thumb.jpg,281
282,https://avocatalgerien.com/wp-content/uploads/2018/11/2147483647_1.jpg,282
283,https://avocatalgerien.com/wp-content/uploads/2015/01/avocate-1-230x230.jpg,283
284,https://avocatalgerien.com/wp-content/uploads/2018/04/avocate-230x230.jpg,284
285,https://avocatalgerien.com/wp-content/themes/vantage/images/no-thumb.jpg,285
286,https://avocatalgerien.com/wp-content/uploads/2018/10/avocat005-230x230.jpg,286
287,https://avocatalgerien.com/wp-content/themes/vantage/images/no-thumb.jpg,287
288,https://avocatalgerien.com/wp-content/themes/vantage/images/no-thumb.jpg,288
289,https://avocatalgerien.com/wp-content/themes/vantage/images/no-thumb.jpg,289
290,https://avocatalgerien.com/wp-content/uploads/2016/02/images8OHKXTTC-230x151.jpg,290
291,https://avocatalgerien.com/wp-content/uploads/2015/01/avocate-230x230.jpg,291
292,https://avocatalgerien.com/wp-content/uploads/2015/03/images-230x183.jpg,292
293,https://avocatalgerien.com/wp-content/themes/vantage/images/no-thumb.jpg,293
294,https://avocatalgerien.com/wp-content/themes/vantage/images/no-thumb.jpg,294
295,https://avocatalgerien.com/wp-content/uploads/2015/01/avocate-230x230.jpg,295
296,https://avocatalgerien.com/wp-content/themes/vantage/images/no-thumb.jpg,296
297,https://avocatalgerien.com/wp-content/themes/vantage/images/no-thumb.jpg,297
298,https://avocatalgerien.com/wp-content/uploads/2018/04/avocate-230x230.jpg,298
299,https://avocatalgerien.com/wp-content/uploads/2019/01/20190102_132734-230x230.jpg,299
300,https://avocatalgerien.com/wp-content/themes/vantage/images/no-thumb.jpg,300
301,https://avocatalgerien.com/wp-content/uploads/2019/01/images.jpg1_.jpg,301
302,https://avocatalgerien.com/wp-content/uploads/2015/02/avocate.02-230x151.jpg,302
303,https://avocatalgerien.com/wp-content/themes/vantage/images/no-thumb.jpg,303
304,https://avocatalgerien.com/wp-content/themes/vantage/images/no-thumb.jpg,304
305,https://avocatalgerien.com/wp-content/themes/vantage/images/no-thumb.jpg,305
306,https://avocatalgerien.com/wp-content/themes/vantage/images/no-thumb.jpg,306
307,https://avocatalgerien.com/wp-content/themes/vantage/images/no-thumb.jpg,307
308,https://avocatalgerien.com/wp-content/themes/vantage/images/no-thumb.jpg,308
309,https://avocatalgerien.com/wp-content/uploads/2016/02/images8OHKXTTC-230x151.jpg,309
310,https://avocatalgerien.com/wp-content/themes/vantage/images/no-thumb.jpg,310
311,https://avocatalgerien.com/wp-content/themes/vantage/images/no-thumb.jpg,311
312,https://avocatalgerien.com/wp-content/uploads/2019/05/ch-avocat-230x230.jpg,312
313,https://avocatalgerien.com/wp-content/uploads/2015/01/avocate-2-230x230.jpg,313
314,https://avocatalgerien.com/wp-content/uploads/2019/05/Samir-Sayah-CMS-DZ_etmiddle-230x230.jpg,314
315,https://avocatalgerien.com/wp-content/themes/vantage/images/no-thumb.jpg,315
316,https://avocatalgerien.com/wp-content/themes/vantage/images/no-thumb.jpg,316
317,https://avocatalgerien.com/wp-content/uploads/2019/06/hached-230x230.png,317
318,https://avocatalgerien.com/wp-content/uploads/2019/06/received_615887855580138-230x230.jpeg,318
319,https://avocatalgerien.com/wp-content/themes/vantage/images/no-thumb.jpg,319
320,https://avocatalgerien.com/wp-content/themes/vantage/images/no-thumb.jpg,320
321,https://avocatalgerien.com/wp-content/uploads/2019/07/mohand-217x230.jpg,321
322,https://avocatalgerien.com/wp-content/themes/vantage/images/no-thumb.jpg,322
323,https://avocatalgerien.com/wp-content/themes/vantage/images/no-thumb.jpg,323
324,https://avocatalgerien.com/wp-content/uploads/2019/07/srdb-230x230.jpg,324
325,https://avocatalgerien.com/wp-content/themes/vantage/images/no-thumb.jpg,325
326,https://avocatalgerien.com/wp-content/themes/vantage/images/no-thumb.jpg,326
327,https://avocatalgerien.com/wp-content/themes/vantage/images/no-thumb.jpg,327
328,https://avocatalgerien.com/wp-content/uploads/2015/01/avocate-1-230x230.jpg,328
329,https://avocatalgerien.com/wp-content/uploads/2019/08/kouceila-zerguine-230x230.jpg,329
330,https://avocatalgerien.com/wp-content/themes/vantage/images/no-thumb.jpg,330
331,https://avocatalgerien.com/wp-content/themes/vantage/images/no-thumb.jpg,331
332,https://avocatalgerien.com/wp-content/themes/vantage/images/no-thumb.jpg,332
333,https://avocatalgerien.com/wp-content/themes/vantage/images/no-thumb.jpg,333
334,https://avocatalgerien.com/wp-content/uploads/2019/09/amine-guellal-199x230.jpg,334
335,https://avocatalgerien.com/wp-content/uploads/2015/01/avocate-1-230x230.jpg,335
336,https://avocatalgerien.com/wp-content/themes/vantage/images/no-thumb.jpg,336
337,https://avocatalgerien.com/wp-content/uploads/2019/10/lezzar-189x230.jpg,337
338,https://avocatalgerien.com/wp-content/uploads/2019/10/chebira-230x230.jpg,338
339,https://avocatalgerien.com/wp-content/uploads/2019/10/couloir_palais_justice_paris-200x230.jpg,339
340,https://avocatalgerien.com/wp-content/uploads/2019/10/FB_IMG_1571742580891-230x230.jpg,340
341,https://avocatalgerien.com/wp-content/themes/vantage/images/no-thumb.jpg,341
342,https://avocatalgerien.com/wp-content/themes/vantage/images/no-thumb.jpg,342
343,https://avocatalgerien.com/wp-content/themes/vantage/images/no-thumb.jpg,343
344,https://avocatalgerien.com/wp-content/uploads/2019/11/moimoi-230x230.jpg,344
345,https://avocatalgerien.com/wp-content/themes/vantage/images/no-thumb.jpg,345
346,https://avocatalgerien.com/wp-content/themes/vantage/images/no-thumb.jpg,346
347,https://avocatalgerien.com/wp-content/themes/vantage/images/no-thumb.jpg,347
348,https://avocatalgerien.com/wp-content/uploads/2018/04/avocate-230x230.jpg,348
349,https://avocatalgerien.com/wp-content/uploads/2016/08/avocat001-1-230x230.jpg,349
350,https://avocatalgerien.com/wp-content/uploads/2020/01/Maître.-Samir-Bouzegzi.jpg,350
351,https://avocatalgerien.com/wp-content/uploads/2020/01/Maître.-lotfi-megharia-230x230.jpg,351
352,https://avocatalgerien.com/wp-content/uploads/2020/01/Maître.-Adnane-Meddour-230x230.jpg,352
353,https://avocatalgerien.com/wp-content/uploads/2019/12/logo2.png,353
354,https://avocatalgerien.com/wp-content/uploads/2016/02/images8OHKXTTC-230x151.jpg,354
355,https://avocatalgerien.com/wp-content/themes/vantage/images/no-thumb.jpg,355
356,https://avocatalgerien.com/wp-content/themes/vantage/images/no-thumb.jpg,356
357,https://avocatalgerien.com/wp-content/uploads/2015/01/avocate-1-230x230.jpg,357
358,https://avocatalgerien.com/wp-content/uploads/2018/04/avocate-230x230.jpg,358
359,https://avocatalgerien.com/wp-content/themes/vantage/images/no-thumb.jpg,359
360,https://avocatalgerien.com/wp-content/themes/vantage/images/no-thumb.jpg,360
361,https://avocatalgerien.com/wp-content/themes/vantage/images/no-thumb.jpg,361
362,https://avocatalgerien.com/wp-content/themes/vantage/images/no-thumb.jpg,362
363,https://avocatalgerien.com/wp-content/themes/vantage/images/no-thumb.jpg,363
364,https://avocatalgerien.com/wp-content/themes/vantage/images/no-thumb.jpg,364
365,https://avocatalgerien.com/wp-content/themes/vantage/images/no-thumb.jpg,365
366,https://avocatalgerien.com/wp-content/themes/vantage/images/no-thumb.jpg,366
367,https://avocatalgerien.com/wp-content/themes/vantage/images/no-thumb.jpg,367
368,https://avocatalgerien.com/wp-content/uploads/2020/04/IMG20200309152044-230x230.jpg,368
369,https://avocatalgerien.com/wp-content/themes/vantage/images/no-thumb.jpg,369
370,https://avocatalgerien.com/wp-content/uploads/2016/02/images8OHKXTTC-230x151.jpg,370
371,https://avocatalgerien.com/wp-content/themes/vantage/images/no-thumb.jpg,371
372,https://avocatalgerien.com/wp-content/themes/vantage/images/no-thumb.jpg,372
373,https://avocatalgerien.com/wp-content/uploads/2020/05/avocate-2-230x230.png,373
374,https://avocatalgerien.com/wp-content/themes/vantage/images/no-thumb.jpg,374
375,https://avocatalgerien.com/wp-content/uploads/2020/05/117612199_639799253597371_5748777085565808407_n-230x230.jpg,375
376,https://avocatalgerien.com/wp-content/themes/vantage/images/no-thumb.jpg,376
377,https://avocatalgerien.com/wp-content/uploads/2020/05/ainouz-230x230.jpg,377
378,https://avocatalgerien.com/wp-content/themes/vantage/images/no-thumb.jpg,378
379,https://avocatalgerien.com/wp-content/themes/vantage/images/no-thumb.jpg,379
380,https://avocatalgerien.com/wp-content/uploads/2015/01/avocate-230x230.jpg,380
381,https://avocatalgerien.com/wp-content/themes/vantage/images/no-thumb.jpg,381
382,https://avocatalgerien.com/wp-content/themes/vantage/images/no-thumb.jpg,382
383,https://avocatalgerien.com/wp-content/uploads/2016/02/images8OHKXTTC-230x151.jpg,383
384,https://avocatalgerien.com/wp-content/uploads/2018/04/avocate-230x230.jpg,384
385,https://avocatalgerien.com/wp-content/uploads/2015/01/avocate-2-230x230.jpg,385
386,https://avocatalgerien.com/wp-content/themes/vantage/images/no-thumb.jpg,386
387,https://avocatalgerien.com/wp-content/themes/vantage/images/no-thumb.jpg,387
388,https://avocatalgerien.com/wp-content/uploads/2018/04/avocate-230x230.jpg,388
389,https://avocatalgerien.com/wp-content/uploads/2014/12/sans-titre-230x197.png,389
390,https://avocatalgerien.com/wp-content/themes/vantage/images/no-thumb.jpg,390
391,https://avocatalgerien.com/wp-content/uploads/2018/10/avocat005-230x230.jpg,391
392,https://avocatalgerien.com/wp-content/themes/vantage/images/no-thumb.jpg,392
393,https://avocatalgerien.com/wp-content/uploads/2015/01/avocate-1-230x230.jpg,393
394,https://avocatalgerien.com/wp-content/themes/vantage/images/no-thumb.jpg,394
395,https://avocatalgerien.com/wp-content/uploads/2015/01/avocate-230x230.jpg,395
396,https://avocatalgerien.com/wp-content/uploads/2020/10/FB_IMG_1590548686797-230x230.jpg,396
397,https://avocatalgerien.com/wp-content/themes/vantage/images/no-thumb.jpg,397
398,https://avocatalgerien.com/wp-content/themes/vantage/images/no-thumb.jpg,398
399,https://avocatalgerien.com/wp-content/themes/vantage/images/no-thumb.jpg,399
400,https://avocatalgerien.com/wp-content/themes/vantage/images/no-thumb.jpg,400
401,https://avocatalgerien.com/wp-content/themes/vantage/images/no-thumb.jpg,401
402,https://avocatalgerien.com/wp-content/uploads/2015/01/avocate-230x230.jpg,402
403,https://avocatalgerien.com/wp-content/themes/vantage/images/no-thumb.jpg,403
404,https://avocatalgerien.com/wp-content/uploads/2015/01/avocate-230x230.jpg,404
405,https://avocatalgerien.com/wp-content/themes/vantage/images/no-thumb.jpg,405
406,https://avocatalgerien.com/wp-content/uploads/2015/01/avocate-230x230.jpg,406
407,https://avocatalgerien.com/wp-content/themes/vantage/images/no-thumb.jpg,407
408,https://avocatalgerien.com/wp-content/themes/vantage/images/no-thumb.jpg,408
409,https://avocatalgerien.com/wp-content/themes/vantage/images/no-thumb.jpg,409
410,https://avocatalgerien.com/wp-content/uploads/2015/01/avocate-1-230x230.jpg,410
411,https://avocatalgerien.com/wp-content/uploads/2015/01/avocate-230x230.jpg,411
412,https://avocatalgerien.com/wp-content/themes/vantage/images/no-thumb.jpg,412
413,https://avocatalgerien.com/wp-content/uploads/2015/01/avocate-2-230x230.jpg,413
414,https://avocatalgerien.com/wp-content/themes/vantage/images/no-thumb.jpg,414
415,https://avocatalgerien.com/wp-content/themes/vantage/images/no-thumb.jpg,415
416,https://avocatalgerien.com/wp-content/uploads/2018/04/avocate-230x230.jpg,416
417,https://avocatalgerien.com/wp-content/uploads/2021/01/AL-MOKRANE-01-230x230.jpg,417
418,https://avocatalgerien.com/wp-content/themes/vantage/images/no-thumb.jpg,418
419,https://avocatalgerien.com/wp-content/themes/vantage/images/no-thumb.jpg,419
420,https://avocatalgerien.com/wp-content/uploads/2015/01/avocate-1-230x230.jpg,420
421,https://avocatalgerien.com/wp-content/uploads/2021/02/images-4-230x230.jpeg,421
422,https://avocatalgerien.com/wp-content/uploads/2015/01/avocate-1-230x230.jpg,422
423,https://avocatalgerien.com/wp-content/uploads/2021/03/IMG_20210304_094850-230x230.jpg,423
424,https://avocatalgerien.com/wp-content/uploads/2021/03/85FD64EC-AC26-48E8-B7EB-1E9C91386769-230x230.jpeg,424
425,https://avocatalgerien.com/wp-content/uploads/2021/03/droit.jpg,425
426,https://avocatalgerien.com/wp-content/uploads/2015/01/avocate-230x230.jpg,426
427,https://avocatalgerien.com/wp-content/uploads/2021/04/Chewki-krid-photo001-230x230.jpg,427
428,https://avocatalgerien.com/wp-content/uploads/2021/04/unnamed.jpg,428
429,https://avocatalgerien.com/wp-content/themes/vantage/images/no-thumb.jpg,429
430,https://avocatalgerien.com/wp-content/uploads/2021/04/BCLS-230x230.png,430
431,https://avocatalgerien.com/wp-content/uploads/2015/02/avocate.02-230x151.jpg,431
432,https://avocatalgerien.com/wp-content/uploads/2021/05/Maitre-LEHTIHET-Naima-photo-230x186.png,432
433,https://avocatalgerien.com/wp-content/themes/vantage/images/no-thumb.jpg,433
434,https://avocatalgerien.com/wp-content/uploads/2021/05/avocate-230x230.jpg,434
435,https://avocatalgerien.com/wp-content/uploads/2021/05/avocate-230x230.jpg,435
436,https://avocatalgerien.com/wp-content/uploads/2021/05/avocate-230x230.jpg,436
437,https://avocatalgerien.com/wp-content/uploads/2021/06/11-230x230.jpg,437
438,https://avocatalgerien.com/wp-content/themes/vantage/images/no-thumb.jpg,438
439,https://avocatalgerien.com/wp-content/themes/vantage/images/no-thumb.jpg,439
440,https://avocatalgerien.com/wp-content/themes/vantage/images/no-thumb.jpg,440
441,https://avocatalgerien.com/wp-content/uploads/2021/06/FB_IMG_1624409763344-230x230.jpg,441
442,https://avocatalgerien.com/wp-content/themes/vantage/images/no-thumb.jpg,442
443,https://avocatalgerien.com/wp-content/uploads/2021/08/matouk-230x230.png,443
444,https://avocatalgerien.com/wp-content/themes/vantage/images/no-thumb.jpg,444
445,https://avocatalgerien.com/wp-content/themes/vantage/images/no-thumb.jpg,445
446,https://avocatalgerien.com/wp-content/themes/vantage/images/no-thumb.jpg,446
447,https://avocatalgerien.com/wp-content/uploads/2021/06/images.jpg1_.jpg,447
448,https://avocatalgerien.com/wp-content/uploads/2021/09/download-5-230x164.jpg,448
449,https://avocatalgerien.com/wp-content/uploads/2015/03/avocate.02-230x151.jpg,449
450,https://avocatalgerien.com/wp-content/themes/vantage/images/no-thumb.jpg,450
451,https://avocatalgerien.com/wp-content/themes/vantage/images/no-thumb.jpg,451
452,https://avocatalgerien.com/wp-content/themes/vantage/images/no-thumb.jpg,452
453,https://avocatalgerien.com/wp-content/themes/vantage/images/no-thumb.jpg,453
454,https://avocatalgerien.com/wp-content/uploads/2021/05/avocate-230x230.jpg,454
455,https://avocatalgerien.com/wp-content/themes/vantage/images/no-thumb.jpg,455
456,https://avocatalgerien.com/wp-content/themes/vantage/images/no-thumb.jpg,456
457,https://avocatalgerien.com/wp-content/themes/vantage/images/no-thumb.jpg,457
458,https://avocatalgerien.com/wp-content/themes/vantage/images/no-thumb.jpg,458
459,https://avocatalgerien.com/wp-content/themes/vantage/images/no-thumb.jpg,459
460,https://avocatalgerien.com/wp-content/uploads/2021/05/avocate-230x230.jpg,460
461,https://avocatalgerien.com/wp-content/uploads/2021/12/logo-avocat.png,461
462,https://avocatalgerien.com/wp-content/uploads/2021/05/avocate-230x230.jpg,462
463,https://avocatalgerien.com/wp-content/themes/vantage/images/no-thumb.jpg,463
464,https://avocatalgerien.com/wp-content/uploads/2021/05/avocate-230x230.jpg,464
465,https://avocatalgerien.com/wp-content/themes/vantage/images/no-thumb.jpg,465
466,https://avocatalgerien.com/wp-content/themes/vantage/images/no-thumb.jpg,466
467,https://avocatalgerien.com/wp-content/uploads/2022/03/droit.jpg,467
468,https://avocatalgerien.com/wp-content/themes/vantage/images/no-thumb.jpg,468
469,https://avocatalgerien.com/wp-content/uploads/2022/03/n-230x230.jpg,469
470,https://avocatalgerien.com/wp-content/themes/vantage/images/no-thumb.jpg,470
471,https://avocatalgerien.com/wp-content/themes/vantage/images/no-thumb.jpg,471
472,https://avocatalgerien.com/wp-content/themes/vantage/images/no-thumb.jpg,472
473,https://avocatalgerien.com/wp-content/uploads/2015/01/avocate-2-230x230.jpg,473
474,https://avocatalgerien.com/wp-content/uploads/2021/05/avocate-230x230.jpg,474
475,https://avocatalgerien.com/wp-content/themes/vantage/images/no-thumb.jpg,475
476,https://avocatalgerien.com/wp-content/themes/vantage/images/no-thumb.jpg,476
477,https://avocatalgerien.com/wp-content/themes/vantage/images/no-thumb.jpg,477
478,https://avocatalgerien.com/wp-content/themes/vantage/images/no-thumb.jpg,478
479,https://avocatalgerien.com/wp-content/themes/vantage/images/no-thumb.jpg,479
480,https://avocatalgerien.com/wp-content/uploads/2022/06/Picsart_22-05-04_23-26-18-952-230x230.png,480
481,https://avocatalgerien.com/wp-content/uploads/2022/06/Screenshot_20220617-100438_Facebook-230x230.jpg,481
482,https://avocatalgerien.com/wp-content/themes/vantage/images/no-thumb.jpg,482
483,https://avocatalgerien.com/wp-content/uploads/2022/07/depositphotos_141785802-stock-illustration-scales-of-justice-emblem-for-230x230.jpg,483
484,https://avocatalgerien.com/wp-content/themes/vantage/images/no-thumb.jpg,484
485,https://avocatalgerien.com/wp-content/uploads/2022/10/images-9-230x230.jpeg,485
486,https://avocatalgerien.com/wp-content/themes/vantage/images/no-thumb.jpg,486
487,https://avocatalgerien.com/wp-content/themes/vantage/images/no-thumb.jpg,487
488,https://avocatalgerien.com/wp-content/themes/vantage/images/no-thumb.jpg,488
489,https://avocatalgerien.com/wp-content/themes/vantage/images/no-thumb.jpg,489
490,https://avocatalgerien.com/wp-content/themes/vantage/images/no-thumb.jpg,490
491,https://avocatalgerien.com/wp-content/themes/vantage/images/no-thumb.jpg,491
492,https://avocatalgerien.com/wp-content/themes/vantage/images/no-thumb.jpg,492
493,https://avocatalgerien.com/wp-content/themes/vantage/images/no-thumb.jpg,493
494,https://avocatalgerien.com/wp-content/uploads/2018/04/avocate-230x230.jpg,494
495,https://avocatalgerien.com/wp-content/themes/vantage/images/no-thumb.jpg,495
496,https://avocatalgerien.com/wp-content/uploads/2022/12/IMG_20200503_150922__01-230x230.jpg,496
497,https://avocatalgerien.com/wp-content/themes/vantage/images/no-thumb.jpg,497
498,https://avocatalgerien.com/wp-content/uploads/2023/01/Screenshot_20230115-210047_Instagram-230x230.jpg,498
499,https://avocatalgerien.com/wp-content/themes/vantage/images/no-thumb.jpg,499
500,https://avocatalgerien.com/wp-content/themes/vantage/images/no-thumb.jpg,500
501,https://avocatalgerien.com/wp-content/uploads/2023/01/logo1_3_215953-230x230.jpeg,501
502,https://avocatalgerien.com/wp-content/themes/vantage/images/no-thumb.jpg,502
503,https://avocatalgerien.com/wp-content/themes/vantage/images/no-thumb.jpg,503
504,https://avocatalgerien.com/wp-content/themes/vantage/images/no-thumb.jpg,504
505,https://avocatalgerien.com/wp-content/themes/vantage/images/no-thumb.jpg,505
506,https://avocatalgerien.com/wp-content/uploads/2023/03/zarla-asile-assistance-1x1-2400x2400-20210604-frwh6qpytx9k9p8mkr7x-1-230x230.png,506
507,https://avocatalgerien.com/wp-content/themes/vantage/images/no-thumb.jpg,507
508,https://avocatalgerien.com/wp-content/uploads/2021/05/avocate-230x230.jpg,508
509,https://avocatalgerien.com/wp-content/uploads/2023/04/djallal-avocat-230x230.jpg,509
510,https://avocatalgerien.com/wp-content/uploads/2023/04/hqdefault-230x230.jpg,510
511,https://avocatalgerien.com/wp-content/themes/vantage/images/no-thumb.jpg,511
512,https://avocatalgerien.com/wp-content/themes/vantage/images/no-thumb.jpg,512
513,https://avocatalgerien.com/wp-content/themes/vantage/images/no-thumb.jpg,513
514,https://avocatalgerien.com/wp-content/uploads/2018/04/avocate-230x230.jpg,514
515,https://avocatalgerien.com/wp-content/themes/vantage/images/no-thumb.jpg,515
516,https://avocatalgerien.com/wp-content/uploads/2021/05/avocate-230x230.jpg,516
517,https://avocatalgerien.com/wp-content/uploads/2023/09/240_F_120506550_en8UlGoS13Y3blHly1lZl1J7AeOJCdJg-230x230.jpg,517
518,https://avocatalgerien.com/wp-content/uploads/2021/05/avocate-230x230.jpg,518
519,https://avocatalgerien.com/wp-content/themes/vantage/images/no-thumb.jpg,519
520,https://avocatalgerien.com/wp-content/themes/vantage/images/no-thumb.jpg,520
521,https://avocatalgerien.com/wp-content/uploads/2021/05/avocate-230x230.jpg,521
522,https://avocatalgerien.com/wp-content/uploads/2021/05/avocate-230x230.jpg,522
523,https://avocatalgerien.com/wp-content/uploads/2023/09/1695635248120-230x230.jpg,523
524,https://avocatalgerien.com/wp-content/uploads/2021/05/avocate-230x230.jpg,524
525,https://avocatalgerien.com/wp-content/themes/vantage/images/no-thumb.jpg,525
526,https://avocatalgerien.com/wp-content/themes/vantage/images/no-thumb.jpg,526
527,https://avocatalgerien.com/wp-content/themes/vantage/images/no-thumb.jpg,527
528,https://avocatalgerien.com/wp-content/themes/vantage/images/no-thumb.jpg,528
529,https://avocatalgerien.com/wp-content/uploads/2021/05/avocate-230x230.jpg,529
530,https://avocatalgerien.com/wp-content/themes/vantage/images/no-thumb.jpg,530
531,https://avocatalgerien.com/wp-content/uploads/2023/11/IMG-f01dc49b8ba035cb57d919727f372d14-V-230x230.jpg,531
532,https://avocatalgerien.com/wp-content/themes/vantage/images/no-thumb.jpg,532
533,https://avocatalgerien.com/wp-content/themes/vantage/images/no-thumb.jpg,533
534,https://avocatalgerien.com/wp-content/themes/vantage/images/no-thumb.jpg,534
535,https://avocatalgerien.com/wp-content/themes/vantage/images/no-thumb.jpg,535
